Num_Circo;Nom;Prenom;Nb_Voix
001-01;BRETON;Xavier;20829
001-01;GUÉRAUD;Sébastien;11157
001-02;DAUBIÉ;Romain;24960
001-02;LAPRAY;Lumir;17824
001-03;GIVERNET;Olga;18398
001-03;JOLIE;Christian;12932
001-04;BUISSON;Jérôme;21387
001-04;LERDA;Philippe;12004
001-05;ABAD;Damien;17687
001-05;PISANI;Florence;12882
002-01;DRAGON;Nicolas;17058
002-01;BONO-VANDORME;Aude;14208
002-02;DIVE;Julien;17463
002-02;PUISSANT;Lola;12558
002-03;BRICOUT;Jean-Louis;15586
002-03;HANSEN-CATTA;Paul-Henry;12836
002-04;BEAURAIN;José;17587
002-04;DELATTE;Marc;13187
002-05;DESSIGNY;Jocelyn;20589
002-05;FRERE;Stéphane;12403
003-01;MONNET;Yannick;19153
003-01;BARBARIN;Michel;15148
003-02;BOVET;Jorys;16116
003-02;HERITIER;Louise;15976
003-03;RAY;Nicolas;19296
003-03;PEYROL;Bénédicte;12347
004-01;GIRARD;Christian;14791
004-01;BAGARRY;Delphine;14100
004-02;WALTER;Léo;16063
004-02;CASTANER;Christophe;15134
005-01;BOYER;Pascale;13767
005-01;PHILIPPO;Michel;13568
005-02;GIRAUD;Joel;15058
005-02;MOUNAL;Capucine;11550
;;;
006-02;TIVOLI;Lionel;11609
006-02;DOMBREVAL;Loïc;9631
;;;
006-04;MASSON;Alexandra;10700
006-04;VALETTA-ARDISSON;Alexandra;8103
;;;
;;;
;;;
;;;
;;;
007-01;SAULIGNAC;Hervé;21550
007-01;PORQUET;Céline;14339
007-02;DUSSOPT;Olivier;25684
007-02;GOULOUZELLE;Christophe;17955
007-03;BRUN;Fabrice;24896
007-03;PALLOT;Florence;18697
008-01;VUIBERT;Lionel;14861
008-01;RICHARD;Laurent;14663
008-02;CORDIER;Pierre;15977
008-02;PHILIPPO;Baptiste;7049
008-03;WARSMANN;Jean-Luc;15575
008-03;LEMOINE;David;7415
009-01;TAURINE;Bénédicte;14746
009-01;TRIBOUT;Anne-Sophie;11917
009-02;PANIFOUS;Laurent;16225
009-02;LARIVE;Michel;12383
010-01;GUITTON;Jordan;16093
010-01;BESSON-MOREAU;Grégory;13770
010-02;BAZIN-MALGRAS;Valérie;19730
010-02;HENRY;Evelyne;13426
010-03;RANC;Angélique;13913
010-03;BEURY;Loëtitia;13024
011-01;BARTHÈS;Christophe;23914
011-01;COURRIÈRE CALMON;Sophie;20733
011-02;FALCON;Frédéric;20719
011-02;PEREA;Alain;18724
011-03;RANCOULE;Julien;22725
011-03;ADDA--NETTER;Johanna;19894
012-01;MAZARS;Stéphane;23137
012-01;THEBAULT;Léon;13113
012-02;ALEXANDRE;Laurent;17352
012-02;DEGUARA;Samuel;16675
012-03;ROUSSET;Jean-François;18835
012-03;RHIN;Michel;16234
;;;
;;;
;;;
;;;
;;;
;;;
;;;
013-08;ZULESI;Jean-Marc;22823
013-08;TONUSSI;Romain;20104
013-09;MÉLIN;Joëlle;23757
013-09;TROTTMANN;Lucas;16756
013-10;GONZALEZ;José;27463
013-10;MESURE;Marina;18598
013-11;LAQHILA;Mohamed;20753
013-11;FABRE-AUBRESPY;Hervé;16850
013-12;ALLISIO;Franck;14687
013-12;DIARD;Eric;13831
013-13;DHARRÉVILLE;Pierre;20105
013-13;FOUQUART;Emmanuel;18548
013-14;PETEL;Anne-Laurence;24245
013-14;LE CACHEUX;Hélène;18404
013-15;BAUBRY;Romain;25640
013-15;ANZALONE;Marie-Laurence;21975
013-16;TACHE DE LA PAGERIE;Emmanuel;13522
013-16;CAILLAULT;Christophe;9101
014-01;LE VIGOUREUX;Fabrice;18496
014-01;FOURREAU;Emma;18296
014-02;DELAPORTE;Arthur;18963
014-02;DUMONT PRIEUX;Sylvie;12716
014-03;PATRIER-LEITUS;Jérémie;18545
014-03;VILMET;Martine;16120
014-04;BLANCHET;Christophe;28920
014-04;MOURARET;Pierre;18427
014-05;BOUYX;Bertrand;24235
014-05;HAREL;Valérie;19288
014-06;BORNE;Elisabeth;23435
014-06;GAUCHARD;Noé;21233
015-01;DESCOEUR;Vincent;18165
015-01;TEYSSEDOU;Michel;8152
015-02;BONY;Jean-Yves;15443
015-02;GUIBERT;Martine;6416
016-01;MESNIER;Thomas;18854
016-01;PILATO;René;18830
016-02;MARSAUD;Sandra;19964
016-02;RAPPASSE;Marceau;16228
016-03;COLOMBIER;Caroline;19980
016-03;MOCOEUR;Sylvie;19787
017-01;FALORNI;Olivier;34576
017-01;SOUBESTE;Jean-Marc;17721
017-02;BABAULT;Anne-Laure;25863
017-02;RAYMOND;Nordine;24107
017-03;ARDOUIN;Jean-Philippe;18295
017-03;COLLARD;Nathalie;17452
017-04;GERARD;Raphaël;21447
017-04;MARKOWSKY;Pascal;20685
017-05;PLASSARD;Christophe;28233
017-05;WERBROUCK;Séverine;26336
018-01;CORMIER BOULIGEON;François;17116
018-01;CHARPENTIER;Alex;12840
018-02;SANSU;Nicolas;14433
018-02;POLY;Christine;12113
018-03;KERVRAN;Loïc;19843
018-03;DE LA TOCNAYE;Thibaut;17359
019-01;DUBOIS;Francis;25825
019-01;DEVEAUD;Sandrine;22173
019-02;MEUNIER;Frédérique;25881
019-02;HERZHAFT;Chloé;18433
02A-01;MARCANGELI;Laurent;12013
02A-01;COLONNA;Romain;11195
02A-02;COLOMBANI;Paul-André;14746
02A-02;BOZZI;Valérie;10852
02B-01;CASTELLANI;Michel;13724
02B-01;MORGANTI;Julien;8055
02B-02;ACQUAVIVA;Jean-Félix;16777
02B-02;CECCOLI;François-Xavier;16621
;;;
021-02;BORDAT;Benoît;8780
021-02;HERVIEU;Catherine;6896
021-03;KHATTABI;Fadila;14900
021-03;MARC;Patricia;14835
021-04;BRIGAND;Hubert;19291
021-04;PONELLE;Jean-Marc;12500
021-05;PARIS;Didier;20031
021-05;LIORET;René;16900
022-01;COSSON;Mickaël;24865
022-01;GORGIARD;Marion;22328
022-02;BERVILLE;Hervé;29411
022-02;RICARD;Bruno;23264
022-03;LE FUR;Marc;30012
022-03;RAVARD;Antoine;16254
022-04;LEPVRAUD;Murielle;21716
022-04;KERLOGOT;Yannick;18939
022-05;BOTHOREL;Eric;29496
022-05;TROADEC;Marie-Amélie;26697
023-01;COUTURIER;Catherine;21752
023-01;MOREAU;Jean-Baptiste;20532
024-01;MARTIN;Pascale;18366
024-01;CHASSAING;Philippe;17053
024-02;MULLER;Serge;18891
024-02;DELPON;Michel;18561
024-03;CUBERTAFON;Jean-Pierre;14284
024-03;GIRARDEAU;Cyril;13335
024-03;JOUBERT;Florence;11491
024-04;PEYTAVIE;Sébastien;24262
024-04;DUBOIS;Jacqueline;19441
025-01;CROIZIER;Laurent;17465
025-01;VEZIES;Séverine;16198
025-02;ALAUZET;Eric;19258
025-02;RAVACLEY;Stéphane;17594
025-03;PACQUOT;Nicolas;13754
025-03;FRITSCH;Nathalie;13303
025-04;GRANGIER;Géraldine;13357
025-04;BARBIER;Frédéric;12837
025-05;GENEVARD;Annie;22678
025-05;ALPY;Philippe;8795
026-01;CLAPOT;Mireille;17769
026-01;CHKERI;Karim;14884
026-02;POLLET;Lisette;21566
026-02;REYNAUD;Gilles;16189
026-03;POCHON;Marie;29635
026-03;DE LAVERGNE;Célia;27118
026-04;ANTHOINE;Emmanuelle;27076
026-04;JOUVET;Pierre;19685
027-01;LOIR;Christine;18575
027-01;GIPSON;Séverine;18117
027-02;LEVAVASSEUR;Katiana;17990
027-02;GOUTTEFARDE;Fabien;17215
027-03;MAUVIEUX;Kévin;21161
027-03;TAMARELLE-VERHAEGHE;Marie;17989
027-04;BRUN;Philippe;19824
027-04;SAULIÈRE;Chrystelle;19476
027-05;HOUSSIN;Timothée;19654
027-05;OUZILLEAU;François;19165
028-01;KASBARIAN;Guillaume;16891
028-01;GUILLEMAIN;Quentin;11792
028-02;MARLEIX;Olivier;17957
028-02;NIKOLIC;Aleksandar;10854
028-03;LAMIRAULT;Luc;16055
028-03;FLAUNET;Régine;13701
028-04;VIGIER;Philippe;17674
028-04;DE OLIVEIRA;Virginia;11699
029-01;LE MEUR;Annaïg;25447
029-01;LEBERT;Grégory;21772
029-02;LARSONNEUR;Jean-Charles;18127
029-02;CADALEN;Pierre-Yves;18009
029-03;LE GAC;Didier;25169
029-03;SMOLARZ;Pierre;18298
029-04;LE FEUR;Sandrine;22872
029-04;VULPIANI;Sylvaine;19169
029-05;MELCHIOR;Graziella;25451
029-05;SARRABEZOLLES;Nathalie;21184
029-06;THOMIN;Mélanie;23948
029-06;FERRAND;Richard;23144
029-07;TANGUY;Liliana;21942
029-07;BOUIN;Yolande;20046
029-08;BALANANT;Erwan;22682
029-08;LE FLAO;Youenn;20536
030-01;GILLET;Yoann;10565
030-01;DUMAS;Françoise;6724
030-02;MEIZONNET;Nicolas;22595
030-02;LACHAUD;Yvan;17287
030-03;BORDES;Pascale;21619
030-03;CELLIER;Anthony;20506
030-04;MEURIN;Pierre;18953
030-04;BORD;Arnaud;15616
030-05;SALA;Michel;21192
030-05;LAUNAY;Jean-Marie;18595
030-06;BERTA;Philippe;8856
030-06;CADÈNE;Nicolas;7515
;;;
;;;
;;;
;;;
031-05;PORTARRIEU;Jean-François;21778
031-05;ESPAGNOLLE;Sylvie;20194
;;;
031-07;BEX;Christophe;15788
031-07;TOUTUT-PICARD;Elisabeth;14335
031-08;AVIRAGNET;Joël;22457
031-08;DELCHARD;Loic;14607
031-09;ARRIGHI;Christine;7659
031-09;MÖRCH;Sandrine;7029
031-10;FAURE;Dominique;21724
031-10;ASSIER;Alice;21528
032-01;CAZENEUVE;Jean-René;18822
032-01;LEVIEUX;Pascal;17025
032-02;TAUPIAC;David;22203
032-02;BOURCIER;Maëva;13052
;;;
;;;
;;;
033-04;DAVID;Alain;18971
033-04;KARACA;Melissa;13878
033-05;DE FOURNAS;Grégoire;21778
033-05;MANEIRO;Olivier;16552
;;;
033-07;COUILLARD;Bérangère;20964
033-07;FERRAN;Jean-Renaud;18809
033-08;PANONACLE;Sophie;31442
033-08;LAMARA;Laurent;20965
033-09;METTE;Sophie;22950
033-09;ANDRÉ;Sacha;22506
033-10;BOUDIÉ;Florent;15370
033-10;CHADOURNE;Sandrine;14536
033-11;DIAZ;Edwige;25092
033-11;HAMMERER;Véronique;17653
033-12;LAVERGNE;Pascal;20364
033-12;FELD;Mathilde;20181
034-01;MIRALLES;Patricia;12215
034-01;COLET;Julien;7706
;;;
034-03;CRISTOL;Laurence;21036
034-03;MIGNACCA;Julia;16975
034-04;ROME;Sébastien;26291
034-04;BOUQUIN;Manon;25617
034-05;GALZY;Stéphanie;23695
034-05;POLARD;Pierre;19990
034-06;MÉNARD;Emmanuelle;14374
034-06;CROZIER-DANIEL;Magali;5641
034-07;LOPEZ LIGUORI;Aurélien;20154
034-07;BLASCO;Gabriel;11637
034-08;DELAPIERRE;Cédric;16834
034-08;CARRIERE;Sylvain;13769
034-09;VIGNAL;Patrick;14970
034-09;BELAOUNI;Nadia;10192
035-01;SAOUD;Hind;14080
035-01;MATHIEU;Frédéric;12245
035-02;MAILLART-MÉHAIGNERIE;Laurence;18784
035-02;LAHAIS;Tristan;17232
035-03;ROUAUX;Claudia;22058
035-03;MARTINS;Christophe;21680
035-04;HIGNET;Mathilde;22856
035-04;PATAULT;Anne;22528
035-05;LE NABOUR-CLOAREC;Christine;29690
035-05;RENAULT;Gilles;20923
035-06;BENOIT;Thierry;26431
035-06;MOCQUARD;Hélène;16413
035-07;BOURGEAUX;Jean-Luc;15066
035-07;LE GAGNE;Anne;13280
;;;
036-01;JOLIVET;François;18158
036-01;GONZALEZ;Éloïse;14258
036-02;FORISSIER;Nicolas;22507
036-02;THIRION;Fabien;16173
;;;
037-02;LABARONNE;Daniel;22541
037-02;GOBERT;Christelle;18677
037-03;ALFANDARI;Henri;19014
037-03;SIRVEN;Roxane;13458
037-04;COLBOC;Fabienne;21185
037-04;BAUMEL;Laurent;20752
037-05;THILLAYE;Sabine;15158
037-05;LOUISIN;Ambre;11832
;;;
038-02;CHATELAIN;Cyrielle;11806
038-02;COLAS-ROY;Jean-Charles;11496
;;;
038-04;BATTISTEL;Marie-Noëlle;24016
038-04;LACROIX;Fanny;17350
038-05;IORDANOFF;Jérémie;22086
038-05;JAY;Florence;21739
038-06;JOLLY;Alexis;17356
038-06;MOTIN;Cendra;16145
038-07;NEUDER;Yannick;23678
038-07;MOULIN-COMTE;Alexandre;16055
038-08;ABADIE;Caroline;18251
038-08;AUGUSTE;Benoit;15782
038-09;JACQUIER-LAFORGE;Elodie;22532
038-09;NOSBÉ;Sandrine;19470
038-10;MEYNIER-MILLEFERT;Marjolaine;18361
038-10;GERMAIN;Nathalie;17114
039-01;BRULEBOIS;Danielle;16833
039-01;BRONDEL;Anthony;13108
039-02;DALLOZ;Marie-Christine;15380
039-02;TERNANT;Evelyne;9386
039-03;GRUET;Justine;19397
039-03;PRAT;Hervé;13783
040-01;DARRIEUSSECQ;Geneviève;27123
040-01;DE BARBEYRAC;Guy;21472
040-02;CAUSSE;Lionel;30305
040-02;LESPADE;Jean-Marc;28043
040-03;VALLAUD;Boris;28998
040-03;BROQUÈRES;Jean-Francois;19389
041-01;FESNEAU;Marc;20249
041-01;BELKADI;Reda;15606
041-02;CHUDEAU;Roger;18107
041-02;CHAPLAULT;Emmanuelle;17347
041-03;MARION;Christophe;21158
041-03;BARDET;Marine;17163
042-01;BATAILLON;Quentin;6294
042-01;COPIN;Laetitia;4431
;;;
042-03;MANDON;Emmanuel;18807
042-03;BONY;Vincent;14006
042-04;CINIERI;Dino;27847
042-04;PAEMELAERE;Bernard;17352
042-05;VERMOREL-MARQUES;Antoine;24575
042-05;SARLES;Nathalie;15245
042-06;TAITE;Jean-Pierre;25050
042-06;BOROWCZYK;Julien;19891
043-01;VALENTIN;Isabelle;32478
043-01;GACON;Celline;13773
043-02;VIGIER;Jean-Pierre;25621
043-02;SIGAUX;Azelma;11862
;;;
;;;
;;;
044-04;LAERNOES;Julie;13998
044-04;AMADOU;Aude;12110
044-05;EL HAIRY;Sarah;24459
044-05;LALANDE;Sabine;19421
044-06;RAUX;Jean-Claude;26852
044-06;ESNAULT;Jordan;23961
044-07;JOSSO;Sandrine;31074
044-07;MAHÉ;Veronique;23381
044-08;TAVEL;Matthias;21596
044-08;DUFEU;Audrey;18063
044-09;HAURY;Yannick;31625
044-09;MACON;Hélène;27908
044-10;ERRANTE;Sophie;32852
044-10;CAILLETEAU;Bruno;25274
045-01;RIST;Stéphanie;15714
045-01;KOUNOWSKI;Ghislaine;10597
045-02;JANVIER;Caroline;14783
045-02;DUPLESSY;Emmanuel;11360
045-03;PARIS;Mathilde;16846
045-03;BARBIER;Carine;15416
045-04;MÉNAGÉ;Thomas;19087
045-04;NOTTIN;Bruno;11037
045-05;BROSSE;Anthony;15747
045-05;MANENT;Valentin;15736
045-06;RAMOS;Richard;14275
045-06;HICTER;Olivier;9627
046-01;PRADIÉ;Aurélien;25615
046-01;BOUGEARD;Elsa;14016
046-02;TIEGNA;Huguette;12744
046-02;GROSSEMY;Thierry;12618
046-02;PROENÇA;Christophe;11966
047-01;LAUZZANA;Michel;20328
047-01;DELBOSQ;Sébastien;19163
047-02;LAPORTE;Hélène;16516
047-02;COURREGELONGUE;Christophe;12880
047-02;FRESCHI;Alexandre;12484
047-03;COUSIN;Annick;18747
047-03;CZAPLA;Xavier;14161
048-01;MOREL A L'HUISSIER;Pierre;17355
048-01;DESCAVES;Sandrine;14620
049-01;GERNIGON;François;11505
049-01;SAEIDI;Arash;8580
049-02;DUPONT;Stella;19728
049-02;BESSAT;Caroline;14291
049-03;BLIN;Anne-Laure;19020
049-03;ROUDÉVITCH;Véronique;12342
049-04;SAINT-PAUL;Laëtitia;19913
049-04;RABAULT;Caroline;13093
049-05;MASSEGLIA;Denis;19395
049-05;AIRAUD;Christophe;12525
049-06;DUBRE CHIRAT;Nicole;17309
049-06;AMGHAR;Tassadit;12514
049-07;BOLO;Philippe;18139
049-07;JOUANNEAU;Guillaume;13507
050-01;GOSSELIN;Philippe;27166
050-01;HÉDOUIN;Guillaume;12331
050-02;SORRE;Bertrand;28280
050-02;GRIMBERT;Patrick;15601
050-03;TRAVERT;Stéphane;27829
050-03;VEROVE;Gaëlle;21751
050-04;PIC;Anna;20482
050-04;KRIMI;Sonia;19204
051-01;ALBERTINI;Xavier;15898
051-01;BOURGOIN;Evelyne;12535
051-02;FRIGOUT;Anne-Sophie;14655
051-02;MEGUENINE;Lynda;12079
051-03;GIRARDIN;Eric;16836
051-03;MARC;Jennifer;15897
051-04;MAGNIER;Lise;17294
051-04;BESSON;Thierry;13962
051-05;DE COURSON;Charles;21325
051-05;THIONNET;Pierre;12506
052-01;BENTZ;Christophe;16201
052-01;ABBA;Bérangère;15411
052-02;ROBERT-DEHAULT;Laurence;13877
052-02;CORNUT-GENTILLE;François;12963
053-01;GAROT;Guillaume;20184
053-01;MOTTIER;Béatrice;11739
053-02;BANNIER;Géraldine;19811
053-02;BOISSEAU;Grégory;13983
;;;
054-01;GRANDJEAN;Carole;11198
054-01;JOUIRA;Nordine;8071
054-02;HABLOT;Stéphane;11628
054-02;LACRESSE;Emmanuel;11156
054-03;ETIENNE;Martine;13886
054-03;PALUSZKIEWICZ;Xavier;12851
054-04;BAZIN;Thibault;24952
054-04;BILDE;Dominique;15175
054-05;POTIER;Dominique;21781
054-05;MORENVILLIER;Philippe;12728
054-06;FIAT;Caroline;16132
054-06;BOULOGNE;Anthony;15984
055-01;PANCHER;Bertrand;19027
055-01;GAUDINEAU;Brigitte;15317
055-02;GOULET;Florence;13269
055-02;BOIS;Anne;11534
056-01;LE HÉNANFF;Anne;34382
056-01;FOUCAULT;Luc;23648
056-02;PAHUN;Jimmy;32026
056-02;KIRCHNER;Karol;22630
056-03;LE PEIH;Nicole;24283
056-03;DORE-LUCAS;Marie Madeleine;18588
056-04;MOLAC;Paul;37678
056-04;GUEGAN;Rozenn;13631
056-05;MÉTAYER;Lysiane;19666
056-05;GIRARD;Damien;18634
056-06;JACQUES;Jean-Michel;23925
056-06;BAUDRY;Jean-Michel;19725
057-01;BELHADDAD;Belkhir;14277
057-01;LALOUX;Grégoire;13845
057-02;MENDES;Ludovic;13830
057-02;LAHORE;Lisa;10227
057-03;GROLET;Françoise;7394
057-03;LEDUC;Charlotte;5388
057-04;DI FILIPPO;Fabien;22655
057-04;RAMBOUR;Michel;10038
057-05;SEITLINGER;Vincent;16413
057-05;VOINÇON;Marie-Claude;11348
057-06;PFEFFER;Kévin;12368
057-06;AREND;Christophe;9347
057-07;LOUBET;Alexandre;18424
057-07;ZANNIER;Hélène;14829
057-08;JACOBELLI;Laurent;15176
057-08;LEGER;Céline;13770
057-09;RAUCH;Isabelle;20048
057-09;VAÏSSE;Brigitte;16386
058-01;GOULET;Perrine;16554
058-01;VIGNERON;Pauline;13858
058-02;PERROT;Patrice;15577
058-02;GUIBERT;Julien;15472
058-02;GUILLEMAIN;Marie Anne;11527
;;;
;;;
059-03;SAINT-HUILE;Benjamin;18448
059-03;DELANNOY;Sandra;17237
059-04;LISO;Brigitte;11849
059-04;DELEPIERE;Octave;8328
059-05;CATTEAU;Victor;16136
059-05;DELNESTE;Ophélie;14571
059-06;PARMENTIER-LECOCQ;Charlotte;25179
059-06;PEREIRA;Célia;14541
;;;
;;;
;;;
059-10;DARMANIN;Gérald;11043
059-10;MORTREUX;Leslie;6026
;;;
059-12;TAVERNE;Michaël;19551
059-12;CATTELOT;Anne Laure;17274
059-13;DECODTS;Christine;13110
059-13;DUVAL;Yohann;11596
059-14;CHRISTOPHE;Paul;16675
059-14;CUVELIER;Pierrette;14582
059-15;BERTELOOT;Pierrick;15120
059-15;DUCOURANT;Emilie;12057
059-16;MARCHIO;Matthieu;12072
059-16;BRUNEEL;Alain;11515
059-17;FRANCOIS;Thibaut;14275
059-17;HOUBRON;Dimitri;12678
059-18;BRICOUT;Guy;18861
059-18;DISDIER;Mélanie;18387
059-19;CHENU;Sébastien;16425
059-19;SOLOCH;Patrick;12542
059-20;ROUSSEL;Fabien;13269
059-20;FLORQUIN;Guillaume;11887
059-21;DESCAMPS;Béatrice;14735
059-21;VALENTIN;Océane;10825
060-01;HABERT-DASSAULT;Victor;20480
060-01;MAGNIER;David;14625
060-02;BALLARD;Philippe;21451
060-02;HERBANNE;Chanez;16974
060-03;SABATOU;Alexandre;14066
060-03;LABATUT;Valérie;12769
060-04;WOERTH;Eric;21201
060-04;HAVEZ;Audrey;17808
060-05;VATIN;Pierre;18430
060-05;LAMZOUDI;Myriam;12399
060-06;GUINIOT;Michel;17135
060-06;BUREAU-BONNARD;Carole;15458
060-07;MINOT;Maxime;18442
060-07;PEN;Loïc;14058
061-01;JOURDAN;Chantal;14776
061-01;DUHARD;Marie-Annick;14661
061-02;LOUWAGIE;Véronique;18118
061-02;MOREL;Alexandre;11679
061-03;NURY;Jérôme;21603
061-03;FRÉMONT;Anthony;9411
062-01;BLAIRY;Emmanuel;26418
062-01;DUVERGÉ;Bruno;21093
062-02;MAQUET;Jacqueline;14763
062-02;HEUSÈLE;Alban;12966
062-03;TELLIER;Jean-Marc;14906
062-03;CLAVET;Bruno;14247
062-04;FAIT;Philippe;23331
062-04;VANPEENE;Françoise;18063
062-05;PONT;Jean-Pierre;11543
062-05;GOLLIOT;Antoine;9974
062-06;ENGRAND;Christine;21858
062-06;BOURGUIGNON;Brigitte;21802
062-07;DUMONT;Pierre-Henri;20132
062-07;DE FLEURIAN;Marc;15930
062-08;PETIT;Bertrand;21112
062-08;EVRARD;Auguste;16729
062-09;PARMENTIER;Caroline;15500
062-09;DEPREZ-AUDEBERT;Marguerite;12804
062-10;FRAPPÉ;Thierry;21296
062-10;DAGBERT;Michel;11338
062-11;LE PEN;Marine;22301
062-11;TONDELIER;Marine;14238
062-12;BILDE;Bruno;20906
062-12;DARRAS;Jérôme;16284
063-01;MAXIMI;Marianne;18189
063-01;THOMAS;Valérie;16637
063-02;PIRÈS BEAUNE;Christine;26613
063-02;MONNET;Karina;15077
063-03;VICHNIEVSKY;Laurence;23042
063-03;BONNET;Nicolas;20358
063-04;LINGEMANN;Delphine;22680
063-04;GOLÉO;Valérie;22564
063-05;CHASSAIGNE;André;30966
063-05;CARLETTO;Brigitte;13633
064-01;POUEYTO;Josy;11200
064-01;LALANNE;Jean-Yves;10324
064-02;MATTEI;Jean-Paul;17480
064-02;FAURE;Cécile;14018
064-03;HABIB;David;26414
064-03;BABY;Jean-François;13277
064-04;ECHANIZ;Inaki;19935
064-04;TROUNDAY;Annick;19846
064-05;LASSERRE;Florence;24184
064-05;PEREIRA-OSTANEL;Sandra;20269
064-06;BRU;Vincent;27994
064-06;DUBOIS--ROBIN;Tom;18497
065-01;FERRER;Sylvie;20656
065-01;SEMPASTOUS;Jean-Bernard;20552
065-02;MOURNET;Benoit;21073
065-02;KORN;Grégory;19238
066-01;BLANC;Sophie;15859
066-01;GRAU;Romain;13583
066-02;SABATINI;Anaïs;26682
066-02;LIS;Frédérique;16897
066-03;DOGOR-SUCH;Sandrine;19299
066-03;CULLELL;Nathalie;16368
066-04;MARTINEZ;Michèle;24332
066-04;CAZENOVE;Sébastien;18905
;;;
;;;
067-03;STUDER;Bruno;9615
067-03;MAS;Sébastien;8446
067-04;BUFFET;Françoise;26874
067-04;LAHMEUR;Imane;13782
067-05;SITZENSTUHL;Charles;25426
067-05;WOLFF;Marc;16484
067-06;MOREL;Louise;23080
067-06;STEINBACH;Jean-Frédéric;16785
067-07;HETZEL;Patrick;21676
067-07;ESCHENMANN;Valérie;12177
067-08;KOCHERT;Stéphanie;21373
067-08;KNOEPFFLER;Ludwig;16365
067-09;THIEBAUT;Vincent;22108
067-09;GNAEDIG;Laurent;14868
068-01;KLINKERT;Brigitte;14141
068-01;HEMEDINGER;Yves;14015
068-02;OTT;Hubert;17947
068-02;CATTIN;Jacques;15976
068-03;LEMAIRE;Didier;18757
068-03;ZIMMERMANN;Christian;16037
068-04;SCHELLENBERGER;Raphaël;22214
068-04;WILHELM;Marion;18221
068-05;BECHT;Olivier;18443
068-05;EL HAJJAJI;Nadia;10094
068-06;FUCHS;Bruno;18604
068-06;RITZ;Christelle;15030
;;;
;;;
;;;
;;;
069-05;BROCARD;Blandine;18831
069-05;MATTEUCCI;Fabrice;7928
;;;
069-07;VINCENDET;Alexandre;14801
069-07;LAHMAR;Abdelkader;12894
069-08;SERRE;Nathalie;20331
069-08;DESPRAS;Dominique;19158
069-09;PORTIER;Alexandre;22385
069-09;MÉJEAN;Ambroise;14010
069-10;GASSILLOUD;Thomas;30089
069-10;EDERY;Michèle;15985
069-11;FUGIT;Jean-Luc;24370
069-11;YOUSFI;Abdel;13654
;;;
069-13;TANZILLI;Sarah;14839
069-13;PRANDT;Victor;8106
069-14;BOUMERTIT;Idir;8531
069-14;BLEIN;Yves;6836
070-01;VILLEDIEU;Antoine;22497
070-01;BESSOT BALLOT;Barbara;18780
070-02;SALMON;Emeric;22245
070-02;LEJEUNE;Christophe;18663
071-01;DIRX;Benjamin;18349
071-01;MONIN;Patrick;13702
071-02;CORNELOUP;Josiane;22823
071-02;VINAUGER;Céline;11419
071-03;REBEYROTTE;Rémy;18482
071-03;BAROIN;Sandrine;15925
071-04;UNTERMAIER;Cécile;19421
071-04;DELOGE;Valérie;15072
071-05;MARGUERITTE;Louis;17893
071-05;RIBOULET;Eric;16085
072-01;DELPECH;Julie;17300
072-01;BONNET;Ghislaine;14213
072-02;KARAMANLI;Marietta;20399
072-02;FURET;Angéline;11952
072-03;MARTINEAU;Eric;18394
072-03;PINÇON;Bruno;17690
072-04;LEBOUCHER;Elise;14891
072-04;DE MALHERBE;Raymond;14803
072-05;GRELIER;Jean-Carles;21174
072-05;DE VIGNERAL;Victoria;14404
073-01;FERRARI;Marina;24051
073-01;GRANATA;Christel;16490
073-02;ROLLAND;Vincent;20474
073-02;MORAND;Cédric;11479
073-03;BONNIVARD;Emilie;23149
073-03;KRAWEZYNSKI;Nathalie;12170
073-04;MIGNOLA;Patrick;10423
073-04;COULOMME;Jean-François;9758
074-01;RIOTTON;Véronique;29312
074-01;DUVAL;Anne-Valérie;17477
074-02;ARMAND;Antoine;25809
074-02;FONTANA;Loris;17290
074-03;PETEX-LEVET;Christelle;22324
074-03;VANEECKELOOT-TASSA;Fabienne;12994
074-04;DUBY-MULLER;Virginie;23171
074-04;VERVOORT;Valérian;11453
074-05;VIOLLAND;Anne-Cécile;23873
074-05;MARTIN-COCHER;Odile;15858
074-06;ROSEREN;Xavier;19398
074-06;MARTIN;Dominique;11338
076-01;ADAM;Damien;15822
076-01;DA SILVA;Maxime;15744
076-02;VIDAL;Annie;26856
076-02;DUVAL;Sébastien;18174
076-03;WULFRANC;Hubert;18867
076-03;TESSIER;Salomée;7947
076-04;DUFOUR;Alma;17763
076-04;PENNELLE;Guillaume;15300
076-05;LESEUL;Gérard;22872
076-05;MONTIER;Jean-Cyril;18113
076-06;JUMEL;Sébastien;27801
076-06;MARTIN;Patrice;20290
076-07;FIRMIN LE BODO;Agnès;21578
076-07;DUBOC;Nancy;15709
076-08;LECOQ;Jean-Paul;15117
076-08;ECHCHENNA;Wasil;7872
076-09;POUSSIER-WINSBACK;Marie-Agnès;21352
076-09;GOURY;Nicolas;20644
076-10;BATUT;Xavier;25899
076-10;THOMAS;Anaïs;24835
077-01;LUQUET;Aude;14994
077-01;SAINT-MARTIN;Arnaud;13266
077-02;VALLETOUX;Frédéric;20037
077-02;MOLINA;Marie-Pierre;14856
077-03;THIÉRIOT;Jean-Louis;18422
077-03;GÉRÔME-DELGADO;Elodie;14072
077-04;PERIGAULT;Isabelle;18866
077-04;DUROX;Aymeric;18007
077-05;RIESTER;Franck;17949
077-05;LENORMAND;François;15782
077-06;ROULLAUD;Béatrice;15399
077-06;DELAGE;Valérie;14144
077-07;SOUDAIS;Ersilia;16732
077-07;BERNARD;Didier;15880
077-08;GHOMI;Hadrien;19323
077-08;BONNET;Arnaud;19319
077-09;PEYRON;Michèle;17454
077-09;NOVAIS;Pascal;15709
077-10;LAISNEY;Maxime;17724
077-10;DO;Stéphanie;14880
077-11;FAURE;Olivier;15453
077-11;PÉCULIER;Charlyne;8522
;;;
;;;
;;;
;;;
;;;
;;;
;;;
;;;
;;;
;;;
;;;
;;;
079-01;MARCHIVE;Bastien;22511
079-01;CHARRON;François;20788
079-02;BATHO;Delphine;25014
079-02;ROCHEFORT;Cécilia;18201
079-03;FIÉVET;Jean-Marie;20675
079-03;WOILLEZ;Juliette;14805
080-01;RUFFIN;François;14362
080-01;RIBEIRO-BILLET;Nathalie;10831
;;;
080-03;MAQUET;Emmanuel;21266
080-03;LOTTIN;Nicolas;18250
080-04;TANGUY;Jean-Philippe;21136
080-04;LECLABART;Jean-Claude;17584
080-05;MENACHE;Yael;20859
080-05;ANCELET;Guillaume;13453
081-01;CABROLIER;Frédéric;19125
081-01;POUJADE;Gérard;16900
081-02;ERODI;Karen;22633
081-02;VERDIER-JOUCLAS;Marie-Christine;21151
081-02;BACOU;Julien;16564
081-03;TERLIER;Jean;25496
081-03;LASSALLE;Julien;21978
082-01;RABAULT;Valérie;25327
082-01;POMA;Pierre;18121
082-02;HAMELET;Marine;23678
082-02;ASTRUC;Christian;19384
;;;
083-02;LAVALETTE;Laure;13476
083-02;MUSSO;Ange;11960
083-03;RAMBAUD;Stephane;10241
083-03;MONFORT;Isabelle;9994
083-04;LOTTIAUX;Philippe;25581
083-04;MAUBORGNE;Sereine;22098
083-05;LECHANTEUX;Julie;24342
083-05;MICHEL-KLEISBAUER;Philippe;19142
083-06;GILETTI;Frank;30238
083-06;GOMEZ-BASSAC;Valérie;23167
083-07;BOCCALETTI;Frédéric;13541
083-07;MUSCHOTTI;Cécile;12584
083-08;SCHRECK;Philippe;25576
083-08;MATRAS;Fabien;20988
;;;
084-02;AUZANOT;Bénédicte;19210
084-02;VIALA;Sylvie;17608
084-03;DE LÉPINAU;Hervé;19604
084-03;MORENAS;Adrien;13723
084-04;LORHO;Marie-France;21878
084-04;RICHARD;Violaine;16529
084-05;LOVISOLO;Jean-François;18564
084-05;THOMAS DE MALEVILLE;Marie;17975
085-01;LATOMBE;Philippe;24039
085-01;ETONNO;Lucie;17229
085-02;BELLAMY;Béatrice;23773
085-02;HELARY;Nicolas;15664
085-03;BUCHOU;Stéphane;36145
085-03;FILLET;Corinne;22644
085-04;BESSE;Véronique;23336
085-04;LEGUILLE-BALLOY;Martine;15761
085-05;HENRIET;Pierre;22296
085-05;MAGNIN;Isabelle;14291
086-01;BELLUCO;Lisa;18918
086-01;BALLET-BLU;Françoise;17917
086-02;HOULIÉ;Sacha;20267
086-02;SOUMAILLE;Valérie;19325
086-03;LECAMP;Pascal;17496
086-03;SOULAT;Eric;14823
086-04;TURQUOIS;Nicolas;16938
086-04;LATUS;Marion;14098
087-01;MAUDET;Damien;20710
087-01;BEAUDOUIN HUBIERE;Sophie;18065
087-02;DELAUTRETTE;Stéphane;26730
087-02;MINGUET;Sabrina;16757
087-03;MEUNIER;Manon;19551
087-03;SARDIN;Geoffroy;17976
088-01;VIRY;Stéphane;21448
088-01;MOONS;Emmie;10453
088-02;VALENCE;David;15823
088-02;DUSSAUSAYE;Gaëtan;15481
088-03;NAEGELEN;Christophe;21035
088-03;FRANÇOIS;Pierre;7288
088-04;GAULTIER;Jean-Jacques;15440
088-04;HUMBERT;Sébastien;14300
089-01;GRENON;Daniel;16864
089-01;LOURY;Florence;16135
089-02;VILLIERS;André;16750
089-02;LOPEZ;Audrey;15883
089-03;ODOUL;Julien;21429
089-03;CROUZET;Michèle;16949
090-01;BOUCARD;Ian;12037
090-01;SOUSTELLE;Christophe;7500
090-02;CHAUCHE;Florian;9476
090-02;CARNICER;Sophie;8971
;;;
;;;
;;;
;;;
;;;
;;;
;;;
;;;
;;;
;;;
;;;
;;;
;;;
;;;
;;;
;;;
;;;
;;;
;;;
;;;
;;;
;;;
;;;
;;;
;;;
;;;
;;;
;;;
;;;
;;;
;;;
;;;
;;;
;;;
;;;
;;;
;;;
;;;
;;;
;;;
;;;
;;;
;;;
;;;
971-01;SERVA;Olivier;15624
971-01;BIRAS;Dominique;5478
971-02;BAPTISTE;Christian;15484
971-02;BENIN;Justine;10915
971-03;MATHIASIN;Max;12402
971-03;TOLASSY;Rody;11393
971-04;CALIFER;Elie;10633
972-01;WILLIAM;Jiovanny;11336
972-01;EDMOND-MARIETTE;Philippe;6675
972-02;NADEAU;Marcellin;12764
972-02;PAMPHILE;Justin;7348
972-03;HAJJAR;Johnny;7813
972-03;CAROLE;Francis;5489
972-04;NILOR;Jean-Philippe;15329
972-04;MARIE-JEANNE;Alfred;6149
973-01;CASTOR;Jean-Victor;9038
973-01;GOUA;Yvane;6951
973-02;RIMANE;Davy;8277
973-02;ADAM;Lénaïck;7014
974-01;NAILLET;Philippe;14876
974-01;MOREL;Jean Jacques;9639
974-02;LEBON;Karine;18164
974-02;FONTAINE;Audrey;8008
974-03;BASSIRE;Nathalie;15186
974-03;THIEN-AH-KOON;Patrice;14091
974-04;K/BIDI;Emeline;27532
974-04;LORION;David;17363
974-05;RATENON;Jean-Hugues;17748
974-05;ISSA;Ridwane;10510
974-06;MAILLOT;Frédéric;12659
974-06;LAÏ-KANE-CHEONG;Alexandre;11229
974-07;GAILLARD;Perceval;18372
974-07;ROBERT;Thierry;17483
975-01;LENORMAND;Stéphane;1329
975-01;GASTON;Olivier;1310
976-01;YOUSSOUFFA;Estelle;12180
976-01;NARAYANIN;Théophane;6115
976-02;KAMARDINE;Mansour;14250
976-02;ISSA ABDOU;Issa;9806
977-01;GUMBS;Frantz;3921
977-01;GIBBS;Daniel;1913
986-01;SEO;Mikaele;3717
986-01;MULUKIHAAMEA;Etuato;3701
987-01;LE GAYIC;Tematai;19523
987-01;BOUTEAU;Nicole;18851
987-02;CHAILLOUX;Steve;19978
987-02;TERIITAHI;Tepuaraurii;13947
987-03;BROTHERSON;Moetai;21937
987-03;TUMAHAI;Tuterai;13837
988-01;DUNOYER;Philippe;25652
988-01;WAHETRA;Walisaune;12979
988-02;METZDORF;Nicolas;31398
988-02;REIGNIER;Gérard;26500
